INSERT INTO users(first_name, last_name, password_hash, avatar, email) VALUES
('Иван', 'Иванов', '5f4dcc3b5aa765d61d8327deb882cf99', 'avatar1.jpg', 'ivanov@example.com'),
('Пётр', 'Петров', '5f4dcc3b5aa765d61d8327deb882cf99', 'avatar2.jpg', 'petrov@example.com');

ALTER TABLE articles DISABLE TRIGGER ALL;
INSERT INTO articles(user_id, title, created_at, announce, full_text) VALUES
(1, 'Самый лучший музыкальный альбом этого года', '2021-02-01T03:16:32.738Z', 'Помните, небольшое количество ежедневных упражнений лучше, чем один раз, но много. Альбом стал настоящим открытием года. Мощные гитарные рифы и скоростные соло-партии не дадут заскучать.', 'Это один из лучших рок-музыкантов. Рок-музыка всегда ассоциировалась с протестами. Так ли это на самом деле? Программировать не настолько сложно, как об этом говорят. Ёлки — это не просто красивое дерево. Это прочная древесина. Первая большая ёлка была установлена только в 1938 году. Альбом стал настоящим открытием года. Мощные гитарные рифы и скоростные соло-партии не дадут заскучать. Вы можете достичь всего. Стоит только немного постараться и запастись книгами. Этот смартфон — настоящая находка. Большой и яркий экран, мощнейший процессор — всё это в небольшом гаджете. Игры и программирование разные вещи. Не стоит идти в программисты, если вам нравятся только игры. Простые ежедневные упражнения помогут достичь успеха. Процессор заслуживает особого внимания. Он обязательно понравится геймерам со стажем. Достичь успеха помогут ежедневные повторения. Из под его пера вышло 8 платиновых альбомов. Он написал больше 30 хитов. Освоить вёрстку несложно. Возьмите книгу новую книгу и закрепите все упражнения на практике. Бороться с прокрастинацией несложно. Просто действуйте. Маленькими шагами. Собрать камни бесконечности легко, если вы прирожденный герой. Как начать действовать? Для начала просто соберитесь.'),
(1, 'Обзор новейшего смартфона', '2021-01-09T21:02:54.198Z', 'Процессор заслуживает особого внимания. Он обязательно понравится геймерам со стажем. Программировать не настолько сложно, как об этом говорят. Простые ежедневные упражнения помогут достичь успеха.', 'Вы можете достичь всего. Стоит только немного постараться и запастись книгами. Достичь успеха помогут ежедневные повторения. Бороться с прокрастинацией несложно. Просто действуйте. Маленькими шагами. Ёлки — это не просто красивое дерево. Это прочная древесина. Процессор заслуживает особого внимания. Он обязательно понравится геймерам со стажем. Игры и программирование разные вещи. Не стоит идти в программисты, если вам нравятся только игры. Программировать не настолько сложно, как об этом говорят. Альбом стал настоящим открытием года. Мощные гитарные рифы и скоростные соло-партии не дадут заскучать. Золотое сечение — соотношение двух величин, гармоническая пропорция.'),
(2, 'Лучшие рок-музыканты 20-века', '2021-01-31T11:06:10.944Z', 'Собрать камни бесконечности легко, если вы прирожденный герой.', 'Как начать действовать? Для начала просто соберитесь. Рок-музыка всегда ассоциировалась с протестами. Так ли это на самом деле? Из под его пера вышло 8 платиновых альбомов. Золотое сечение — соотношение двух величин, гармоническая пропорция. Программировать не настолько сложно, как об этом говорят. Освоить вёрстку несложно. Возьмите книгу новую книгу и закрепите все упражнения на практике. Альбом стал настоящим открытием года. Мощные гитарные рифы и скоростные соло-партии не дадут заскучать. Собрать камни бесконечности легко, если вы прирожденный герой.'),
(2, 'Рок — это протест', '2021-01-26T10:19:41.583Z', 'Процессор заслуживает особого внимания. Он обязательно понравится геймерам со стажем. Игры и программирование разные вещи. Не стоит идти в программисты, если вам нравятся только игры.', 'Собрать камни бесконечности легко, если вы прирожденный герой. Рок-музыка всегда ассоциировалась с протестами. Так ли это на самом деле? Золотое сечение — соотношение двух величин, гармоническая пропорция. Из под его пера вышло 8 платиновых альбомов. Альбом стал настоящим открытием года. Мощные гитарные рифы и скоростные соло-партии не дадут заскучать. Процессор заслуживает особого внимания. Он обязательно понравится геймерам со стажем.'),
(2, 'Самый лучший музыкальный альбом этого года', '2020-12-24T03:06:51.208Z', 'Помните, небольшое количество ежедневных упражнений лучше, чем один раз, но много. Альбом стал настоящим открытием года. Мощные гитарные рифы и скоростные соло-партии не дадут заскучать.', 'Этот смартфон — настоящая находка. Большой и яркий экран, мощнейший процессор — всё это в небольшом гаджете. Ёлки — это не просто красивое дерево. Это прочная древесина. Программировать не настолько сложно, как об этом говорят. Рок-музыка всегда ассоциировалась с протестами. Так ли это на самом деле? Из под его пера вышло 8 платиновых альбомов.'),
(2, 'Что такое золотое сечение', '2021-01-05T03:21:23.050Z', 'Вы можете достичь всего. Стоит только немного постараться и запастись книгами. Освоить вёрстку несложно. Возьмите книгу новую книгу и закрепите все упражнения на практике. Как начать действовать? Для начала просто соберитесь. Бороться с прокрастинацией несложно. Просто действуйте. Маленькими шагами.', 'Достичь успеха помогут ежедневные повторения. Этот смартфон — настоящая находка. Большой и яркий экран, мощнейший процессор — всё это в небольшом гаджете. Освоить вёрстку несложно. Возьмите книгу новую книгу и закрепите все упражнения на практике. Рок-музыка всегда ассоциировалась с протестами. Так ли это на самом деле? Игры и программирование разные вещи. Не стоит идти в программисты, если вам нравятся только игры. Как начать действовать? Для начала просто соберитесь. Ёлки — это не просто красивое дерево. Это прочная древесина. Простые ежедневные упражнения помогут достичь успеха. Золотое сечение — соотношение двух величин, гармоническая пропорция.'),
(1, 'Как достигнуть успеха не вставая с кресла', '2021-01-10T16:59:56.812Z', 'Он написал больше 30 хитов. Освоить вёрстку несложно. Возьмите книгу новую книгу и закрепите все упражнения на практике. Бороться с прокрастинацией несложно. Просто действуйте. Маленькими шагами.', 'Бороться с прокрастинацией несложно. Просто действуйте. Маленькими шагами. Из под его пера вышло 8 платиновых альбомов. Достичь успеха помогут ежедневные повторения. Рок-музыка всегда ассоциировалась с протестами. Так ли это на самом деле? Как начать действовать? Для начала просто соберитесь. Первая большая ёлка была установлена только в 1938 году. Помните, небольшое количество ежедневных упражнений лучше, чем один раз, но много. Игры и программирование разные вещи. Не стоит идти в программисты, если вам нравятся только игры. Он написал больше 30 хитов. Альбом стал настоящим открытием года. Мощные гитарные рифы и скоростные соло-партии не дадут заскучать. Вы можете достичь всего. Стоит только немного постараться и запастись книгами. Собрать камни бесконечности легко, если вы прирожденный герой. Процессор заслуживает особого внимания. Он обязательно понравится геймерам со стажем. Ёлки — это не просто красивое дерево. Это прочная древесина. Этот смартфон — настоящая находка. Большой и яркий экран, мощнейший процессор — всё это в небольшом гаджете.'),
(2, 'Лучшие рок-музыканты 20-века', '2020-11-22T21:16:45.762Z', 'Этот смартфон — настоящая находка. Большой и яркий экран, мощнейший процессор — всё это в небольшом гаджете. Ёлки — это не просто красивое дерево. Это прочная древесина. Вы можете достичь всего. Стоит только немного постараться и запастись книгами.', 'Золотое сечение — соотношение двух величин, гармоническая пропорция. Из под его пера вышло 8 платиновых альбомов. Достичь успеха помогут ежедневные повторения. Вы можете достичь всего. Стоит только немного постараться и запастись книгами. Простые ежедневные упражнения помогут достичь успеха. Процессор заслуживает особого внимания. Он обязательно понравится геймерам со стажем. Рок-музыка всегда ассоциировалась с протестами. Так ли это на самом деле? Как начать действовать? Для начала просто соберитесь. Собрать камни бесконечности легко, если вы прирожденный герой. Бороться с прокрастинацией несложно. Просто действуйте. Маленькими шагами. Это один из лучших рок-музыкантов. Программировать не настолько сложно, как об этом говорят.'),
(1, 'Самый лучший музыкальный альбом этого года', '2021-01-27T15:55:52.588Z', 'Как начать действовать? Для начала просто соберитесь. Золотое сечение — соотношение двух величин, гармоническая пропорция.', 'Это один из лучших рок-музыкантов. Рок-музыка всегда ассоциировалась с протестами. Так ли это на самом деле? Освоить вёрстку несложно. Возьмите книгу новую книгу и закрепите все упражнения на практике. Этот смартфон — настоящая находка. Большой и яркий экран, мощнейший процессор — всё это в небольшом гаджете. Процессор заслуживает особого внимания. Он обязательно понравится геймерам со стажем. Из под его пера вышло 8 платиновых альбомов. Простые ежедневные упражнения помогут достичь успеха. Как начать действовать? Для начала просто соберитесь. Игры и программирование разные вещи. Не стоит идти в программисты, если вам нравятся только игры. Вы можете достичь всего. Стоит только немного постараться и запастись книгами. Первая большая ёлка была установлена только в 1938 году. Помните, небольшое количество ежедневных упражнений лучше, чем один раз, но много.'),
(1, 'Самый лучший музыкальный альбом этого года', '2021-02-04T04:29:04.830Z', 'Освоить вёрстку несложно. Возьмите книгу новую книгу и закрепите все упражнения на практике. Достичь успеха помогут ежедневные повторения. Альбом стал настоящим открытием года. Мощные гитарные рифы и скоростные соло-партии не дадут заскучать. Бороться с прокрастинацией несложно. Просто действуйте. Маленькими шагами.', 'Программировать не настолько сложно, как об этом говорят. Ёлки — это не просто красивое дерево. Это прочная древесина. Рок-музыка всегда ассоциировалась с протестами. Так ли это на самом деле? Первая большая ёлка была установлена только в 1938 году. Процессор заслуживает особого внимания. Он обязательно понравится геймерам со стажем. Достичь успеха помогут ежедневные повторения. Вы можете достичь всего. Стоит только немного постараться и запастись книгами. Помните, небольшое количество ежедневных упражнений лучше, чем один раз, но много. Бороться с прокрастинацией несложно. Просто действуйте. Маленькими шагами. Золотое сечение — соотношение двух величин, гармоническая пропорция. Этот смартфон — настоящая находка. Большой и яркий экран, мощнейший процессор — всё это в небольшом гаджете.');
ALTER TABLE articles ENABLE TRIGGER ALL;

ALTER TABLE comments DISABLE TRIGGER ALL;
INSERT INTO comments(article_id, user_id, text) VALUES
(1, 2, 'Совсем немного... Плюсую, но слишком много буквы! Мне кажется или я уже читал это где-то? Хочу такую же футболку :-) Это где ж такие красоты? Планируете записать видосик на эту тему?'),
(1, 1, 'Мне кажется или я уже читал это где-то?'),
(1, 1, 'Хочу такую же футболку :-) Мне не нравится ваш стиль. Ощущение, что вы меня поучаете. Это где ж такие красоты? Совсем немного... Плюсую, но слишком много буквы!'),
(1, 2, 'Давно не пользуюсь стационарными компьютерами. Ноутбуки победили. Это где ж такие красоты?'),
(2, 2, 'Согласен с автором! Мне кажется или я уже читал это где-то? Это где ж такие красоты? Планируете записать видосик на эту тему? Совсем немного...'),
(2, 1, 'Мне кажется или я уже читал это где-то?'),
(2, 2, 'Плюсую, но слишком много буквы! Мне кажется или я уже читал это где-то? Согласен с автором! Планируете записать видосик на эту тему? Мне не нравится ваш стиль. Ощущение, что вы меня поучаете. Это где ж такие красоты?'),
(2, 2, 'Согласен с автором! Хочу такую же футболку :-)'),
(3, 2, 'Давно не пользуюсь стационарными компьютерами. Ноутбуки победили. Планируете записать видосик на эту тему? Мне не нравится ваш стиль. Ощущение, что вы меня поучаете. Хочу такую же футболку :-) Мне кажется или я уже читал это где-то? Согласен с автором! Совсем немного... Это где ж такие красоты? Плюсую, но слишком много буквы!'),
(3, 2, 'Это где ж такие красоты? Мне не нравится ваш стиль. Ощущение, что вы меня поучаете.'),
(3, 2, 'Планируете записать видосик на эту тему? Плюсую, но слишком много буквы! Давно не пользуюсь стационарными компьютерами. Ноутбуки победили. Согласен с автором! Совсем немного...'),
(4, 2, 'Давно не пользуюсь стационарными компьютерами. Ноутбуки победили. Мне кажется или я уже читал это где-то?'),
(4, 2, 'Хочу такую же футболку :-)'),
(5, 1, 'Плюсую, но слишком много буквы! Хочу такую же футболку :-) Планируете записать видосик на эту тему? Совсем немного... Мне не нравится ваш стиль. Ощущение, что вы меня поучаете. Давно не пользуюсь стационарными компьютерами. Ноутбуки победили.'),
(5, 2, 'Совсем немного... Мне кажется или я уже читал это где-то? Согласен с автором! Хочу такую же футболку :-) Это где ж такие красоты? Плюсую, но слишком много буквы! Планируете записать видосик на эту тему?'),
(5, 2, 'Плюсую, но слишком много буквы! Хочу такую же футболку :-) Совсем немного... Планируете записать видосик на эту тему? Мне не нравится ваш стиль. Ощущение, что вы меня поучаете. Давно не пользуюсь стационарными компьютерами. Ноутбуки победили. Согласен с автором! Это где ж такие красоты?'),
(5, 1, 'Это где ж такие красоты? Мне кажется или я уже читал это где-то? Плюсую, но слишком много буквы! Мне не нравится ваш стиль. Ощущение, что вы меня поучаете. Согласен с автором! Хочу такую же футболку :-) Совсем немного...'),
(6, 2, 'Планируете записать видосик на эту тему? Совсем немного... Мне не нравится ваш стиль. Ощущение, что вы меня поучаете. Мне кажется или я уже читал это где-то? Плюсую, но слишком много буквы! Давно не пользуюсь стационарными компьютерами. Ноутбуки победили. Хочу такую же футболку :-) Это где ж такие красоты? Согласен с автором!'),
(6, 1, 'Согласен с автором! Это где ж такие красоты? Планируете записать видосик на эту тему? Мне не нравится ваш стиль. Ощущение, что вы меня поучаете.'),
(6, 2, 'Мне кажется или я уже читал это где-то? Плюсую, но слишком много буквы! Совсем немного... Согласен с автором! Это где ж такие красоты? Хочу такую же футболку :-)'),
(7, 1, 'Совсем немного... Мне не нравится ваш стиль. Ощущение, что вы меня поучаете. Это где ж такие красоты?'),
(7, 2, 'Планируете записать видосик на эту тему? Совсем немного... Мне кажется или я уже читал это где-то? Это где ж такие красоты? Согласен с автором! Хочу такую же футболку :-) Давно не пользуюсь стационарными компьютерами. Ноутбуки победили. Мне не нравится ваш стиль. Ощущение, что вы меня поучаете.'),
(7, 1, 'Мне кажется или я уже читал это где-то? Плюсую, но слишком много буквы! Согласен с автором!'),
(7, 1, 'Это где ж такие красоты? Давно не пользуюсь стационарными компьютерами. Ноутбуки победили. Плюсую, но слишком много буквы! Совсем немного... Хочу такую же футболку :-) Мне не нравится ваш стиль. Ощущение, что вы меня поучаете.'),
(8, 2, 'Мне не нравится ваш стиль. Ощущение, что вы меня поучаете. Совсем немного... Планируете записать видосик на эту тему? Мне кажется или я уже читал это где-то? Это где ж такие красоты? Давно не пользуюсь стационарными компьютерами. Ноутбуки победили.'),
(8, 1, 'Согласен с автором! Планируете записать видосик на эту тему? Плюсую, но слишком много буквы! Хочу такую же футболку :-) Мне кажется или я уже читал это где-то? Мне не нравится ваш стиль. Ощущение, что вы меня поучаете. Совсем немного...'),
(9, 1, 'Плюсую, но слишком много буквы!'),
(9, 1, 'Хочу такую же футболку :-) Плюсую, но слишком много буквы!'),
(10, 1, 'Планируете записать видосик на эту тему? Мне кажется или я уже читал это где-то? Хочу такую же футболку :-) Плюсую, но слишком много буквы! Это где ж такие красоты? Совсем немного...'),
(10, 2, 'Давно не пользуюсь стационарными компьютерами. Ноутбуки победили.'),
(10, 1, 'Плюсую, но слишком много буквы! Давно не пользуюсь стационарными компьютерами. Ноутбуки победили. Хочу такую же футболку :-) Мне не нравится ваш стиль. Ощущение, что вы меня поучаете.'),
(10, 2, 'Планируете записать видосик на эту тему? Это где ж такие красоты? Плюсую, но слишком много буквы!');
ALTER TABLE comments ENABLE TRIGGER ALL;

INSERT INTO categories(name) VALUES
('Деревья'),
('За жизнь'),
('Без рамки'),
('Разное'),
('IT'),
('Музыка'),
('Кино'),
('Программирование'),
('Железо');

ALTER TABLE article_category DISABLE TRIGGER ALL;
INSERT INTO article_category(article_id, category_id) VALUES
(1, 4),
(2, 6),
(3, 9),
(4, 3),
(5, 4),
(6, 1),
(7, 4),
(8, 5),
(9, 6),
(10, 2);
ALTER TABLE article_category ENABLE TRIGGER ALL;