INSERT INTO users(first_name, last_name, password_hash, avatar, email) VALUES
('Иван', 'Иванов', '5f4dcc3b5aa765d61d8327deb882cf99', 'avatar1.jpg', 'ivanov@example.com'),
('Пётр', 'Петров', '5f4dcc3b5aa765d61d8327deb882cf99', 'avatar2.jpg', 'petrov@example.com');

ALTER TABLE articles DISABLE TRIGGER ALL;
INSERT INTO articles(user_id, title, created_at, announce, full_text) VALUES
(1, 'Учим HTML и CSS', '2021-07-30T10:10:48.663Z', 'Достичь успеха помогут ежедневные повторения.', 'Собрать камни бесконечности легко, если вы прирожденный герой. Первая большая ёлка была установлена только в 1938 году. Бороться с прокрастинацией несложно. Просто действуйте. Маленькими шагами. Помните, небольшое количество ежедневных упражнений лучше, чем один раз, но много. Золотое сечение — соотношение двух величин, гармоническая пропорция. Освоить вёрстку несложно. Возьмите книгу новую книгу и закрепите все упражнения на практике. Альбом стал настоящим открытием года. Мощные гитарные рифы и скоростные соло-партии не дадут заскучать.'),
(1, 'Как перестать беспокоиться и начать жить', '2021-07-14T02:21:18.481Z', 'Альбом стал настоящим открытием года. Мощные гитарные рифы и скоростные соло-партии не дадут заскучать.', 'Достичь успеха помогут ежедневные повторения. Ёлки — это не просто красивое дерево. Это прочная древесина. Игры и программирование разные вещи. Не стоит идти в программисты, если вам нравятся только игры. Альбом стал настоящим открытием года. Мощные гитарные рифы и скоростные соло-партии не дадут заскучать. Из под его пера вышло 8 платиновых альбомов. Это один из лучших рок-музыкантов. Процессор заслуживает особого внимания. Он обязательно понравится геймерам со стажем. Этот смартфон — настоящая находка. Большой и яркий экран, мощнейший процессор — всё это в небольшом гаджете. Программировать не настолько сложно, как об этом говорят. Собрать камни бесконечности легко, если вы прирожденный герой. Золотое сечение — соотношение двух величин, гармоническая пропорция. Первая большая ёлка была установлена только в 1938 году.'),
(2, 'Обзор новейшего смартфона', '2021-08-05T07:55:02.153Z', 'Помните, небольшое количество ежедневных упражнений лучше, чем один раз, но много. Этот смартфон — настоящая находка. Большой и яркий экран, мощнейший процессор — всё это в небольшом гаджете. Бороться с прокрастинацией несложно. Просто действуйте. Маленькими шагами. Простые ежедневные упражнения помогут достичь успеха.', 'Бороться с прокрастинацией несложно. Просто действуйте. Маленькими шагами. Из под его пера вышло 8 платиновых альбомов. Простые ежедневные упражнения помогут достичь успеха. Как начать действовать? Для начала просто соберитесь. Игры и программирование разные вещи. Не стоит идти в программисты, если вам нравятся только игры. Золотое сечение — соотношение двух величин, гармоническая пропорция. Собрать камни бесконечности легко, если вы прирожденный герой. Первая большая ёлка была установлена только в 1938 году. Альбом стал настоящим открытием года. Мощные гитарные рифы и скоростные соло-партии не дадут заскучать. Программировать не настолько сложно, как об этом говорят. Рок-музыка всегда ассоциировалась с протестами. Так ли это на самом деле? Помните, небольшое количество ежедневных упражнений лучше, чем один раз, но много. Он написал больше 30 хитов. Это один из лучших рок-музыкантов. Этот смартфон — настоящая находка. Большой и яркий экран, мощнейший процессор — всё это в небольшом гаджете. Процессор заслуживает особого внимания. Он обязательно понравится геймерам со стажем.'),
(2, 'Как собрать камни бесконечности', '2021-07-19T01:29:19.722Z', 'Программировать не настолько сложно, как об этом говорят.', 'Он написал больше 30 хитов. Простые ежедневные упражнения помогут достичь успеха. Помните, небольшое количество ежедневных упражнений лучше, чем один раз, но много. Программировать не настолько сложно, как об этом говорят. Этот смартфон — настоящая находка. Большой и яркий экран, мощнейший процессор — всё это в небольшом гаджете. Ёлки — это не просто красивое дерево. Это прочная древесина. Это один из лучших рок-музыкантов.'),
(1, 'Учим HTML и CSS', '2021-08-12T17:28:21.093Z', 'Бороться с прокрастинацией несложно. Просто действуйте. Маленькими шагами.', 'Освоить вёрстку несложно. Возьмите книгу новую книгу и закрепите все упражнения на практике. Первая большая ёлка была установлена только в 1938 году. Простые ежедневные упражнения помогут достичь успеха. Бороться с прокрастинацией несложно. Просто действуйте. Маленькими шагами. Альбом стал настоящим открытием года. Мощные гитарные рифы и скоростные соло-партии не дадут заскучать. Золотое сечение — соотношение двух величин, гармоническая пропорция. Рок-музыка всегда ассоциировалась с протестами. Так ли это на самом деле? Это один из лучших рок-музыкантов. Достичь успеха помогут ежедневные повторения.'),
(1, 'Что такое золотое сечение', '2021-08-12T20:33:57.817Z', 'Альбом стал настоящим открытием года. Мощные гитарные рифы и скоростные соло-партии не дадут заскучать. Как начать действовать? Для начала просто соберитесь. Процессор заслуживает особого внимания. Он обязательно понравится геймерам со стажем. Это один из лучших рок-музыкантов. Простые ежедневные упражнения помогут достичь успеха.', 'Вы можете достичь всего. Стоит только немного постараться и запастись книгами. Программировать не настолько сложно, как об этом говорят. Достичь успеха помогут ежедневные повторения. Ёлки — это не просто красивое дерево. Это прочная древесина. Альбом стал настоящим открытием года. Мощные гитарные рифы и скоростные соло-партии не дадут заскучать. Помните, небольшое количество ежедневных упражнений лучше, чем один раз, но много.'),
(2, 'Обзор новейшего смартфона', '2021-07-12T21:56:50.885Z', 'Альбом стал настоящим открытием года. Мощные гитарные рифы и скоростные соло-партии не дадут заскучать. Освоить вёрстку несложно. Возьмите книгу новую книгу и закрепите все упражнения на практике. Он написал больше 30 хитов. Игры и программирование разные вещи. Не стоит идти в программисты, если вам нравятся только игры.', 'Достичь успеха помогут ежедневные повторения. Бороться с прокрастинацией несложно. Просто действуйте. Маленькими шагами. Процессор заслуживает особого внимания. Он обязательно понравится геймерам со стажем. Из под его пера вышло 8 платиновых альбомов. Золотое сечение — соотношение двух величин, гармоническая пропорция. Как начать действовать? Для начала просто соберитесь. Освоить вёрстку несложно. Возьмите книгу новую книгу и закрепите все упражнения на практике. Вы можете достичь всего. Стоит только немного постараться и запастись книгами. Собрать камни бесконечности легко, если вы прирожденный герой. Первая большая ёлка была установлена только в 1938 году. Альбом стал настоящим открытием года. Мощные гитарные рифы и скоростные соло-партии не дадут заскучать.'),
(1, 'Как перестать беспокоиться и начать жить', '2021-09-10T11:49:54.647Z', 'Бороться с прокрастинацией несложно. Просто действуйте. Маленькими шагами. Рок-музыка всегда ассоциировалась с протестами. Так ли это на самом деле? Золотое сечение — соотношение двух величин, гармоническая пропорция. Альбом стал настоящим открытием года. Мощные гитарные рифы и скоростные соло-партии не дадут заскучать. Ёлки — это не просто красивое дерево. Это прочная древесина.', 'Первая большая ёлка была установлена только в 1938 году. Он написал больше 30 хитов. Игры и программирование разные вещи. Не стоит идти в программисты, если вам нравятся только игры. Бороться с прокрастинацией несложно. Просто действуйте. Маленькими шагами. Вы можете достичь всего. Стоит только немного постараться и запастись книгами. Из под его пера вышло 8 платиновых альбомов. Простые ежедневные упражнения помогут достичь успеха. Альбом стал настоящим открытием года. Мощные гитарные рифы и скоростные соло-партии не дадут заскучать. Золотое сечение — соотношение двух величин, гармоническая пропорция. Собрать камни бесконечности легко, если вы прирожденный герой. Программировать не настолько сложно, как об этом говорят. Это один из лучших рок-музыкантов. Как начать действовать? Для начала просто соберитесь. Процессор заслуживает особого внимания. Он обязательно понравится геймерам со стажем. Рок-музыка всегда ассоциировалась с протестами. Так ли это на самом деле? Этот смартфон — настоящая находка. Большой и яркий экран, мощнейший процессор — всё это в небольшом гаджете.'),
(1, 'Обзор новейшего смартфона', '2021-07-12T08:19:39.485Z', 'Этот смартфон — настоящая находка. Большой и яркий экран, мощнейший процессор — всё это в небольшом гаджете. Игры и программирование разные вещи. Не стоит идти в программисты, если вам нравятся только игры.', 'Альбом стал настоящим открытием года. Мощные гитарные рифы и скоростные соло-партии не дадут заскучать. Вы можете достичь всего. Стоит только немного постараться и запастись книгами. Достичь успеха помогут ежедневные повторения. Программировать не настолько сложно, как об этом говорят. Ёлки — это не просто красивое дерево. Это прочная древесина. Из под его пера вышло 8 платиновых альбомов. Золотое сечение — соотношение двух величин, гармоническая пропорция.'),
(1, 'Что такое золотое сечение', '2021-09-04T14:58:32.974Z', 'Как начать действовать? Для начала просто соберитесь. Он написал больше 30 хитов. Простые ежедневные упражнения помогут достичь успеха. Помните, небольшое количество ежедневных упражнений лучше, чем один раз, но много.', 'Он написал больше 30 хитов. Рок-музыка всегда ассоциировалась с протестами. Так ли это на самом деле? Как начать действовать? Для начала просто соберитесь. Ёлки — это не просто красивое дерево. Это прочная древесина. Простые ежедневные упражнения помогут достичь успеха. Золотое сечение — соотношение двух величин, гармоническая пропорция. Освоить вёрстку несложно. Возьмите книгу новую книгу и закрепите все упражнения на практике.');
ALTER TABLE articles ENABLE TRIGGER ALL;

ALTER TABLE comments DISABLE TRIGGER ALL;
INSERT INTO comments(article_id, user_id, text) VALUES
(1, 2, 'Хочу такую же футболку :-) Мне кажется или я уже читал это где-то? Совсем немного... Давно не пользуюсь стационарными компьютерами. Ноутбуки победили. Планируете записать видосик на эту тему? Плюсую, но слишком много буквы! Согласен с автором! Мне не нравится ваш стиль. Ощущение, что вы меня поучаете.'),
(1, 2, 'Совсем немного... Хочу такую же футболку :-) Мне не нравится ваш стиль. Ощущение, что вы меня поучаете. Плюсую, но слишком много буквы! Это где ж такие красоты? Планируете записать видосик на эту тему? Давно не пользуюсь стационарными компьютерами. Ноутбуки победили. Согласен с автором! Мне кажется или я уже читал это где-то?'),
(2, 2, 'Плюсую, но слишком много буквы! Мне не нравится ваш стиль. Ощущение, что вы меня поучаете. Давно не пользуюсь стационарными компьютерами. Ноутбуки победили. Хочу такую же футболку :-) Мне кажется или я уже читал это где-то? Это где ж такие красоты? Согласен с автором! Планируете записать видосик на эту тему? Совсем немного...'),
(2, 1, 'Мне не нравится ваш стиль. Ощущение, что вы меня поучаете. Давно не пользуюсь стационарными компьютерами. Ноутбуки победили. Совсем немного... Согласен с автором! Плюсую, но слишком много буквы! Хочу такую же футболку :-) Мне кажется или я уже читал это где-то? Это где ж такие красоты?'),
(3, 1, 'Хочу такую же футболку :-) Совсем немного... Мне кажется или я уже читал это где-то? Плюсую, но слишком много буквы! Мне не нравится ваш стиль. Ощущение, что вы меня поучаете. Планируете записать видосик на эту тему?'),
(3, 1, 'Мне кажется или я уже читал это где-то? Мне не нравится ваш стиль. Ощущение, что вы меня поучаете. Планируете записать видосик на эту тему? Совсем немного... Хочу такую же футболку :-)'),
(4, 1, 'Мне не нравится ваш стиль. Ощущение, что вы меня поучаете. Планируете записать видосик на эту тему? Совсем немного... Хочу такую же футболку :-) Согласен с автором! Это где ж такие красоты? Давно не пользуюсь стационарными компьютерами. Ноутбуки победили. Мне кажется или я уже читал это где-то?'),
(4, 2, 'Мне кажется или я уже читал это где-то? Хочу такую же футболку :-) Согласен с автором! Это где ж такие красоты?'),
(4, 1, 'Планируете записать видосик на эту тему? Давно не пользуюсь стационарными компьютерами. Ноутбуки победили. Плюсую, но слишком много буквы!'),
(4, 2, 'Мне не нравится ваш стиль. Ощущение, что вы меня поучаете.'),
(5, 1, 'Это где ж такие красоты?'),
(5, 1, 'Хочу такую же футболку :-) Совсем немного... Мне не нравится ваш стиль. Ощущение, что вы меня поучаете. Плюсую, но слишком много буквы! Согласен с автором! Это где ж такие красоты? Мне кажется или я уже читал это где-то? Планируете записать видосик на эту тему? Давно не пользуюсь стационарными компьютерами. Ноутбуки победили.'),
(6, 2, 'Это где ж такие красоты? Давно не пользуюсь стационарными компьютерами. Ноутбуки победили. Мне кажется или я уже читал это где-то?'),
(6, 2, 'Согласен с автором! Хочу такую же футболку :-) Давно не пользуюсь стационарными компьютерами. Ноутбуки победили. Плюсую, но слишком много буквы!'),
(7, 1, 'Планируете записать видосик на эту тему? Плюсую, но слишком много буквы! Мне кажется или я уже читал это где-то? Согласен с автором! Это где ж такие красоты?'),
(7, 2, 'Мне не нравится ваш стиль. Ощущение, что вы меня поучаете. Мне кажется или я уже читал это где-то? Хочу такую же футболку :-) Плюсую, но слишком много буквы! Давно не пользуюсь стационарными компьютерами. Ноутбуки победили. Совсем немного... Планируете записать видосик на эту тему?'),
(8, 2, 'Совсем немного... Мне не нравится ваш стиль. Ощущение, что вы меня поучаете. Согласен с автором! Хочу такую же футболку :-) Это где ж такие красоты? Давно не пользуюсь стационарными компьютерами. Ноутбуки победили. Плюсую, но слишком много буквы! Мне кажется или я уже читал это где-то? Планируете записать видосик на эту тему?'),
(8, 1, 'Мне кажется или я уже читал это где-то? Плюсую, но слишком много буквы!'),
(8, 2, 'Планируете записать видосик на эту тему? Мне кажется или я уже читал это где-то? Плюсую, но слишком много буквы! Мне не нравится ваш стиль. Ощущение, что вы меня поучаете. Это где ж такие красоты? Согласен с автором! Давно не пользуюсь стационарными компьютерами. Ноутбуки победили. Совсем немного...'),
(8, 1, 'Согласен с автором! Плюсую, но слишком много буквы! Это где ж такие красоты? Совсем немного... Мне не нравится ваш стиль. Ощущение, что вы меня поучаете. Мне кажется или я уже читал это где-то? Планируете записать видосик на эту тему? Хочу такую же футболку :-) Давно не пользуюсь стационарными компьютерами. Ноутбуки победили.'),
(9, 2, 'Плюсую, но слишком много буквы! Совсем немного... Мне кажется или я уже читал это где-то? Хочу такую же футболку :-) Давно не пользуюсь стационарными компьютерами. Ноутбуки победили. Согласен с автором!'),
(9, 2, 'Мне не нравится ваш стиль. Ощущение, что вы меня поучаете. Плюсую, но слишком много буквы! Это где ж такие красоты? Мне кажется или я уже читал это где-то? Согласен с автором! Хочу такую же футболку :-) Совсем немного...'),
(10, 1, 'Хочу такую же футболку :-) Согласен с автором! Планируете записать видосик на эту тему?'),
(10, 1, 'Планируете записать видосик на эту тему? Давно не пользуюсь стационарными компьютерами. Ноутбуки победили. Совсем немного... Это где ж такие красоты?'),
(10, 1, 'Это где ж такие красоты? Согласен с автором! Мне не нравится ваш стиль. Ощущение, что вы меня поучаете. Мне кажется или я уже читал это где-то? Хочу такую же футболку :-) Совсем немного...');
ALTER TABLE comments ENABLE TRIGGER ALL;

INSERT INTO categories(name) VALUES
('Деревья'),
('За жизнь'),
('Без рамки'),
('Разное'),
('IT'),
('Музыка'),
('Кино'),
('Программирование'),
('Железо');

ALTER TABLE article_category DISABLE TRIGGER ALL;
INSERT INTO article_category(article_id, category_id) VALUES
(1, 3),
(2, 2),
(3, 2),
(4, 5),
(5, 4),
(6, 5),
(7, 9),
(8, 1),
(9, 9),
(10, 7);
ALTER TABLE article_category ENABLE TRIGGER ALL;